INSERT INTO regiao VALUES (1, 'Lisboa', 2821697);
INSERT INTO regiao VALUES (2, 'Norte',	3689609);
INSERT INTO regiao VALUES (3, 'Centro', 2327026);
INSERT INTO regiao VALUES (4, 'Alentejo', 760098);
INSERT INTO regiao VALUES (5, 'Algarve', 751005);


INSERT INTO concelho(num_regiao, num_concelho, nome, num_habitantes) VALUES (1, 1, 'ALENQUER', 43267);
INSERT INTO concelho(num_regiao, num_concelho, nome, num_habitantes) VALUES (1, 2, 'ARRUDA DOS VINHOS', 13391);
INSERT INTO concelho(num_regiao, num_concelho, nome, num_habitantes) VALUES (1, 3, 'AZAMBUJA', 21814);
INSERT INTO concelho(num_regiao, num_concelho, nome, num_habitantes) VALUES (1, 4, 'CADAVAL', 14228);
INSERT INTO concelho(num_regiao, num_concelho, nome, num_habitantes) VALUES (1, 5, 'CASCAIS', 206479);
INSERT INTO concelho(num_regiao, num_concelho, nome, num_habitantes) VALUES (1, 6, 'LISBOA', 547733);
INSERT INTO concelho(num_regiao, num_concelho, nome, num_habitantes) VALUES (1, 7, 'LOURES', 205054);
INSERT INTO concelho(num_regiao, num_concelho, nome, num_habitantes) VALUES (1, 8, 'LOURINHA', 25735);
INSERT INTO concelho(num_regiao, num_concelho, nome, num_habitantes) VALUES (1, 9, 'MAFRA', 76685);
INSERT INTO concelho(num_regiao, num_concelho, nome, num_habitantes) VALUES (1, 10, 'OEIRAS', 172120);
INSERT INTO concelho(num_regiao, num_concelho, nome, num_habitantes) VALUES (1, 11, 'SINTRA', 377835);
INSERT INTO concelho(num_regiao, num_concelho, nome, num_habitantes) VALUES (1, 12, 'SOBRAL DE MONTE AGRACO', 10156);
INSERT INTO concelho(num_regiao, num_concelho, nome, num_habitantes) VALUES (1, 13, 'TORRES VEDRAS', 79465);
INSERT INTO concelho(num_regiao, num_concelho, nome, num_habitantes) VALUES (1, 14, 'VILA FRANCA DE XIRA', 136886);
INSERT INTO concelho(num_regiao, num_concelho, nome, num_habitantes) VALUES (1, 15, 'AMADORA', 175136);
INSERT INTO concelho(num_regiao, num_concelho, nome, num_habitantes) VALUES (1, 16, 'ODIVELAS', 144549);
INSERT INTO concelho(num_regiao, num_concelho, nome, num_habitantes) VALUES (2, 1, 'AMARES', 18889);
INSERT INTO concelho(num_regiao, num_concelho, nome, num_habitantes) VALUES (2, 2, 'BARCELOS', 120391);
INSERT INTO concelho(num_regiao, num_concelho, nome, num_habitantes) VALUES (2, 3, 'BRAGA', 181494);
INSERT INTO concelho(num_regiao, num_concelho, nome, num_habitantes) VALUES (2, 4, 'CABECEIRAS DE BASTO', 16710);
INSERT INTO concelho(num_regiao, num_concelho, nome, num_habitantes) VALUES (2, 5, 'CELORICO DE BASTO', 20098);
INSERT INTO concelho(num_regiao, num_concelho, nome, num_habitantes) VALUES (2, 6, 'ESPOSENDE', 34254);
INSERT INTO concelho(num_regiao, num_concelho, nome, num_habitantes) VALUES (2, 7, 'FAFE', 50633);
INSERT INTO concelho(num_regiao, num_concelho, nome, num_habitantes) VALUES (2, 8, 'GUIMARAES', 158124);
INSERT INTO concelho(num_regiao, num_concelho, nome, num_habitantes) VALUES (2, 9, 'POVOA DE LANHOSO', 21886);
INSERT INTO concelho(num_regiao, num_concelho, nome, num_habitantes) VALUES (2, 10, 'TERRAS DE BOURO', 7253);
INSERT INTO concelho(num_regiao, num_concelho, nome, num_habitantes) VALUES (2, 11, 'VIEIRA DO MINHO', 12997);
INSERT INTO concelho(num_regiao, num_concelho, nome, num_habitantes) VALUES (2, 12, 'VILA NOVA DE FAMALICAO', 133832);
INSERT INTO concelho(num_regiao, num_concelho, nome, num_habitantes) VALUES (2, 13, 'VILA VERDE', 47888);
INSERT INTO concelho(num_regiao, num_concelho, nome, num_habitantes) VALUES (2, 14, 'VIZELA', 23736);
INSERT INTO concelho(num_regiao, num_concelho, nome, num_habitantes) VALUES (2, 15, 'ALFANDEGA DA FE', 5104);
INSERT INTO concelho(num_regiao, num_concelho, nome, num_habitantes) VALUES (2, 16, 'BRAGANCA', 35341);
INSERT INTO concelho(num_regiao, num_concelho, nome, num_habitantes) VALUES (2, 17, 'CARRAZEDA DE ANSIAES', 6373);
INSERT INTO concelho(num_regiao, num_concelho, nome, num_habitantes) VALUES (2, 18, 'FREIXO DE ESPADA A CINTA', 3780);
INSERT INTO concelho(num_regiao, num_concelho, nome, num_habitantes) VALUES (2, 19, 'MACEDO DE CAVALEIROS', 15776);
INSERT INTO concelho(num_regiao, num_concelho, nome, num_habitantes) VALUES (2, 20, 'MIRANDA DO DOURO', 7482);
INSERT INTO concelho(num_regiao, num_concelho, nome, num_habitantes) VALUES (2, 21, 'MIRANDELA', 43267);
INSERT INTO concelho(num_regiao, num_concelho, nome, num_habitantes) VALUES (2, 22, 'MOGADOURO', 13391);
INSERT INTO concelho(num_regiao, num_concelho, nome, num_habitantes) VALUES (2, 23, 'TORRE DE MONCORVO', 21814);
INSERT INTO concelho(num_regiao, num_concelho, nome, num_habitantes) VALUES (2, 24, 'VILA FLOR', 14228);
INSERT INTO concelho(num_regiao, num_concelho, nome, num_habitantes) VALUES (2, 25, 'VIMIOSO', 206479);
INSERT INTO concelho(num_regiao, num_concelho, nome, num_habitantes) VALUES (2, 26, 'VINHAIS', 547733);
INSERT INTO concelho(num_regiao, num_concelho, nome, num_habitantes) VALUES (2, 27, 'AMARANTE', 205054);
INSERT INTO concelho(num_regiao, num_concelho, nome, num_habitantes) VALUES (2, 28, 'BAIAO', 25735);
INSERT INTO concelho(num_regiao, num_concelho, nome, num_habitantes) VALUES (2, 29, 'FELGUEIRAS', 76685);
INSERT INTO concelho(num_regiao, num_concelho, nome, num_habitantes) VALUES (2, 30, 'GONDOMAR', 172120);
INSERT INTO concelho(num_regiao, num_concelho, nome, num_habitantes) VALUES (2, 31, 'LOUSADA', 377835);
INSERT INTO concelho(num_regiao, num_concelho, nome, num_habitantes) VALUES (2, 32, 'MAIA', 10156);
INSERT INTO concelho(num_regiao, num_concelho, nome, num_habitantes) VALUES (2, 33, 'MARCO DE CANAVESES', 79465);
INSERT INTO concelho(num_regiao, num_concelho, nome, num_habitantes) VALUES (2, 34, 'MATOSINHOS', 136886);
INSERT INTO concelho(num_regiao, num_concelho, nome, num_habitantes) VALUES (2, 35, 'PACOS DE FERREIRA', 175136);
INSERT INTO concelho(num_regiao, num_concelho, nome, num_habitantes) VALUES (2, 36, 'PAREDES', 144549);
INSERT INTO concelho(num_regiao, num_concelho, nome, num_habitantes) VALUES (2, 37, 'PENAFIEL', 18889);
INSERT INTO concelho(num_regiao, num_concelho, nome, num_habitantes) VALUES (2, 38, 'PORTO', 120391);
INSERT INTO concelho(num_regiao, num_concelho, nome, num_habitantes) VALUES (2, 39, 'POVOA DE VARZIM', 181494);
INSERT INTO concelho(num_regiao, num_concelho, nome, num_habitantes) VALUES (2, 40, 'SANTO TIRSO', 16710);
INSERT INTO concelho(num_regiao, num_concelho, nome, num_habitantes) VALUES (2, 41, 'VALONGO', 20098);
INSERT INTO concelho(num_regiao, num_concelho, nome, num_habitantes) VALUES (2, 42, 'VILA DO CONDE', 34254);
INSERT INTO concelho(num_regiao, num_concelho, nome, num_habitantes) VALUES (2, 43, 'VILA NOVA DE GAIA', 50633);
INSERT INTO concelho(num_regiao, num_concelho, nome, num_habitantes) VALUES (2, 44, 'TROFA', 158124);
INSERT INTO concelho(num_regiao, num_concelho, nome, num_habitantes) VALUES (2, 45, 'ARCOS DE VALDEVEZ', 21886);
INSERT INTO concelho(num_regiao, num_concelho, nome, num_habitantes) VALUES (2, 46, 'CAMINHA', 7253);
INSERT INTO concelho(num_regiao, num_concelho, nome, num_habitantes) VALUES (2, 47, 'MELGACO', 12997);
INSERT INTO concelho(num_regiao, num_concelho, nome, num_habitantes) VALUES (2, 48, 'MONCAO', 133832);
INSERT INTO concelho(num_regiao, num_concelho, nome, num_habitantes) VALUES (2, 49, 'PAREDES DE COURA', 47888);
INSERT INTO concelho(num_regiao, num_concelho, nome, num_habitantes) VALUES (2, 50, 'PONTE DA BARCA', 23736);
INSERT INTO concelho(num_regiao, num_concelho, nome, num_habitantes) VALUES (2, 51, 'PONTE DE LIMA', 5104);
INSERT INTO concelho(num_regiao, num_concelho, nome, num_habitantes) VALUES (2, 52, 'VALENCA', 35341);
INSERT INTO concelho(num_regiao, num_concelho, nome, num_habitantes) VALUES (2, 53, 'VIANA DO CASTELO', 6373);
INSERT INTO concelho(num_regiao, num_concelho, nome, num_habitantes) VALUES (2, 54, 'VILA NOVA DE CERVEIRA', 3780);
INSERT INTO concelho(num_regiao, num_concelho, nome, num_habitantes) VALUES (2, 55, 'ALIJO', 15776);
INSERT INTO concelho(num_regiao, num_concelho, nome, num_habitantes) VALUES (2, 56, 'BOTICAS', 7482);
INSERT INTO concelho(num_regiao, num_concelho, nome, num_habitantes) VALUES (2, 57, 'CHAVES', 43267);
INSERT INTO concelho(num_regiao, num_concelho, nome, num_habitantes) VALUES (2, 58, 'MESAO FRIO', 13391);
INSERT INTO concelho(num_regiao, num_concelho, nome, num_habitantes) VALUES (2, 59, 'MONDIM DE BASTO', 21814);
INSERT INTO concelho(num_regiao, num_concelho, nome, num_habitantes) VALUES (2, 60, 'MONTALEGRE', 14228);
INSERT INTO concelho(num_regiao, num_concelho, nome, num_habitantes) VALUES (2, 61, 'MURCA', 206479);
INSERT INTO concelho(num_regiao, num_concelho, nome, num_habitantes) VALUES (2, 62, 'PESO DA REGUA', 547733);
INSERT INTO concelho(num_regiao, num_concelho, nome, num_habitantes) VALUES (2, 63, 'RIBEIRA DE PENA', 205054);
INSERT INTO concelho(num_regiao, num_concelho, nome, num_habitantes) VALUES (2, 64, 'SABROSA', 25735);
INSERT INTO concelho(num_regiao, num_concelho, nome, num_habitantes) VALUES (2, 65, 'SANTA MARTA DE PENAGUIAO', 76685);
INSERT INTO concelho(num_regiao, num_concelho, nome, num_habitantes) VALUES (2, 66, 'VALPACOS', 172120);
INSERT INTO concelho(num_regiao, num_concelho, nome, num_habitantes) VALUES (2, 67, 'VILA POUCA DE AGUIAR', 377835);
INSERT INTO concelho(num_regiao, num_concelho, nome, num_habitantes) VALUES (2, 68, 'VILA REAL', 10156);
INSERT INTO concelho(num_regiao, num_concelho, nome, num_habitantes) VALUES (2, 69, 'ARMAMAR', 79465);
INSERT INTO concelho(num_regiao, num_concelho, nome, num_habitantes) VALUES (2, 70, 'CARREGAL DO SAL', 136886);
INSERT INTO concelho(num_regiao, num_concelho, nome, num_habitantes) VALUES (2, 71, 'CASTRO DAIRE', 175136);
INSERT INTO concelho(num_regiao, num_concelho, nome, num_habitantes) VALUES (2, 72, 'CINFAES', 144549);
INSERT INTO concelho(num_regiao, num_concelho, nome, num_habitantes) VALUES (2, 73, 'LAMEGO', 18889);
INSERT INTO concelho(num_regiao, num_concelho, nome, num_habitantes) VALUES (2, 74, 'MANGUALDE', 120391);
INSERT INTO concelho(num_regiao, num_concelho, nome, num_habitantes) VALUES (2, 75, 'MOIMENTA DA BEIRA', 181494);
INSERT INTO concelho(num_regiao, num_concelho, nome, num_habitantes) VALUES (2, 76, 'MORTAGUA', 16710);
INSERT INTO concelho(num_regiao, num_concelho, nome, num_habitantes) VALUES (2, 77, 'NELAS', 20098);
INSERT INTO concelho(num_regiao, num_concelho, nome, num_habitantes) VALUES (2, 78, 'OLIVEIRA DE FRADES', 34254);
INSERT INTO concelho(num_regiao, num_concelho, nome, num_habitantes) VALUES (2, 79, 'PENALVA DO CASTELO', 50633);
INSERT INTO concelho(num_regiao, num_concelho, nome, num_habitantes) VALUES (2, 80, 'PENEDONO', 158124);
INSERT INTO concelho(num_regiao, num_concelho, nome, num_habitantes) VALUES (2, 81, 'RESENDE', 21886);
INSERT INTO concelho(num_regiao, num_concelho, nome, num_habitantes) VALUES (2, 82, 'SANTA COMBA DAO', 7253);
INSERT INTO concelho(num_regiao, num_concelho, nome, num_habitantes) VALUES (2, 83, 'S. JOAO DA PESQUEIRA', 12997);
INSERT INTO concelho(num_regiao, num_concelho, nome, num_habitantes) VALUES (2, 84, 'S. PEDRO DO SUL', 133832);
INSERT INTO concelho(num_regiao, num_concelho, nome, num_habitantes) VALUES (2, 85, 'SATAO', 47888);
INSERT INTO concelho(num_regiao, num_concelho, nome, num_habitantes) VALUES (2, 86, 'SERNANCELHE', 23736);
INSERT INTO concelho(num_regiao, num_concelho, nome, num_habitantes) VALUES (2, 87, 'TABUACO', 5104);
INSERT INTO concelho(num_regiao, num_concelho, nome, num_habitantes) VALUES (2, 88, 'TAROUCA', 35341);
INSERT INTO concelho(num_regiao, num_concelho, nome, num_habitantes) VALUES (2, 89, 'TONDELA', 6373);
INSERT INTO concelho(num_regiao, num_concelho, nome, num_habitantes) VALUES (2, 90, 'VILA NOVA DE PAIVA', 3780);
INSERT INTO concelho(num_regiao, num_concelho, nome, num_habitantes) VALUES (2, 91, 'VISEU', 15776);
INSERT INTO concelho(num_regiao, num_concelho, nome, num_habitantes) VALUES (2, 92, 'VOUZELA', 7482);
INSERT INTO concelho(num_regiao, num_concelho, nome, num_habitantes) VALUES (3, 1, 'AGUEDA', 43267);
INSERT INTO concelho(num_regiao, num_concelho, nome, num_habitantes) VALUES (3, 2, 'ALBERGARIA-A-VELHA', 13391);
INSERT INTO concelho(num_regiao, num_concelho, nome, num_habitantes) VALUES (3, 3, 'ANADIA', 21814);
INSERT INTO concelho(num_regiao, num_concelho, nome, num_habitantes) VALUES (3, 4, 'AROUCA', 14228);
INSERT INTO concelho(num_regiao, num_concelho, nome, num_habitantes) VALUES (3, 5, 'AVEIRO', 206479);
INSERT INTO concelho(num_regiao, num_concelho, nome, num_habitantes) VALUES (3, 6, 'CASTELO DE PAIVA', 547733);
INSERT INTO concelho(num_regiao, num_concelho, nome, num_habitantes) VALUES (3, 7, 'ESPINHO', 205054);
INSERT INTO concelho(num_regiao, num_concelho, nome, num_habitantes) VALUES (3, 8, 'ESTARREJA', 25735);
INSERT INTO concelho(num_regiao, num_concelho, nome, num_habitantes) VALUES (3, 9, 'SANTA MARIA DA FEIRA', 76685);
INSERT INTO concelho(num_regiao, num_concelho, nome, num_habitantes) VALUES (3, 10, 'ILHAVO', 172120);
INSERT INTO concelho(num_regiao, num_concelho, nome, num_habitantes) VALUES (3, 11, 'MEALHADA', 377835);
INSERT INTO concelho(num_regiao, num_concelho, nome, num_habitantes) VALUES (3, 12, 'MURTOSA', 10156);
INSERT INTO concelho(num_regiao, num_concelho, nome, num_habitantes) VALUES (3, 13, 'OLIVEIRA DE AZEMEIS', 79465);
INSERT INTO concelho(num_regiao, num_concelho, nome, num_habitantes) VALUES (3, 14, 'OLIVEIRA DO BAIRRO', 136886);
INSERT INTO concelho(num_regiao, num_concelho, nome, num_habitantes) VALUES (3, 15, 'OVAR', 175136);
INSERT INTO concelho(num_regiao, num_concelho, nome, num_habitantes) VALUES (3, 16, 'S. JOAO DA MADEIRA', 144549);
INSERT INTO concelho(num_regiao, num_concelho, nome, num_habitantes) VALUES (3, 17, 'SEVER DO VOUGA', 18889);
INSERT INTO concelho(num_regiao, num_concelho, nome, num_habitantes) VALUES (3, 18, 'VAGOS', 120391);
INSERT INTO concelho(num_regiao, num_concelho, nome, num_habitantes) VALUES (3, 19, 'VALE DE CAMBRA', 181494);
INSERT INTO concelho(num_regiao, num_concelho, nome, num_habitantes) VALUES (3, 20, 'BELMONTE', 16710);
INSERT INTO concelho(num_regiao, num_concelho, nome, num_habitantes) VALUES (3, 21, 'CASTELO BRANCO', 20098);
INSERT INTO concelho(num_regiao, num_concelho, nome, num_habitantes) VALUES (3, 22, 'COVILHA', 34254);
INSERT INTO concelho(num_regiao, num_concelho, nome, num_habitantes) VALUES (3, 23, 'FUNDAO', 50633);
INSERT INTO concelho(num_regiao, num_concelho, nome, num_habitantes) VALUES (3, 24, 'IDANHA-A-NOVA', 158124);
INSERT INTO concelho(num_regiao, num_concelho, nome, num_habitantes) VALUES (3, 25, 'OLEIROS', 21886);
INSERT INTO concelho(num_regiao, num_concelho, nome, num_habitantes) VALUES (3, 26, 'PENAMACOR', 7253);
INSERT INTO concelho(num_regiao, num_concelho, nome, num_habitantes) VALUES (3, 27, 'PROENCA-A-NOVA', 12997);
INSERT INTO concelho(num_regiao, num_concelho, nome, num_habitantes) VALUES (3, 28, 'SERTA', 133832);
INSERT INTO concelho(num_regiao, num_concelho, nome, num_habitantes) VALUES (3, 29, 'VILA DE REI', 47888);
INSERT INTO concelho(num_regiao, num_concelho, nome, num_habitantes) VALUES (3, 30, 'VILA VELHA DE RODAO', 23736);
INSERT INTO concelho(num_regiao, num_concelho, nome, num_habitantes) VALUES (3, 31, 'ARGANIL', 5104);
INSERT INTO concelho(num_regiao, num_concelho, nome, num_habitantes) VALUES (3, 32, 'CANTANHEDE', 35341);
INSERT INTO concelho(num_regiao, num_concelho, nome, num_habitantes) VALUES (3, 33, 'COIMBRA', 6373);
INSERT INTO concelho(num_regiao, num_concelho, nome, num_habitantes) VALUES (3, 34, 'CONDEIXA-A-NOVA', 3780);
INSERT INTO concelho(num_regiao, num_concelho, nome, num_habitantes) VALUES (3, 35, 'FIGUEIRA DA FOZ', 15776);
INSERT INTO concelho(num_regiao, num_concelho, nome, num_habitantes) VALUES (3, 36, 'GOIS', 7482);
INSERT INTO concelho(num_regiao, num_concelho, nome, num_habitantes) VALUES (3, 37, 'LOUSA', 43267);
INSERT INTO concelho(num_regiao, num_concelho, nome, num_habitantes) VALUES (3, 38, 'MIRA', 13391);
INSERT INTO concelho(num_regiao, num_concelho, nome, num_habitantes) VALUES (3, 39, 'MIRANDA DO CORVO', 21814);
INSERT INTO concelho(num_regiao, num_concelho, nome, num_habitantes) VALUES (3, 40, 'MONTEMOR-O-VELHO', 14228);
INSERT INTO concelho(num_regiao, num_concelho, nome, num_habitantes) VALUES (3, 41, 'OLIVEIRA DO HOSPITAL', 206479);
INSERT INTO concelho(num_regiao, num_concelho, nome, num_habitantes) VALUES (3, 42, 'PAMPILHOSA DA SERRA', 547733);
INSERT INTO concelho(num_regiao, num_concelho, nome, num_habitantes) VALUES (3, 43, 'PENACOVA', 205054);
INSERT INTO concelho(num_regiao, num_concelho, nome, num_habitantes) VALUES (3, 44, 'PENELA', 25735);
INSERT INTO concelho(num_regiao, num_concelho, nome, num_habitantes) VALUES (3, 45, 'SOURE', 76685);
INSERT INTO concelho(num_regiao, num_concelho, nome, num_habitantes) VALUES (3, 46, 'TABUA', 172120);
INSERT INTO concelho(num_regiao, num_concelho, nome, num_habitantes) VALUES (3, 47, 'VILA NOVA DE POIARES', 377835);
INSERT INTO concelho(num_regiao, num_concelho, nome, num_habitantes) VALUES (3, 48, 'AGUIAR DA BEIRA', 10156);
INSERT INTO concelho(num_regiao, num_concelho, nome, num_habitantes) VALUES (3, 49, 'ALMEIDA', 79465);
INSERT INTO concelho(num_regiao, num_concelho, nome, num_habitantes) VALUES (3, 50, 'CELORICO DA BEIRA', 136886);
INSERT INTO concelho(num_regiao, num_concelho, nome, num_habitantes) VALUES (3, 51, 'FIGUEIRA DE CASTELO RODRIGO', 175136);
INSERT INTO concelho(num_regiao, num_concelho, nome, num_habitantes) VALUES (3, 52, 'FORNOS DE ALGODRES', 144549);
INSERT INTO concelho(num_regiao, num_concelho, nome, num_habitantes) VALUES (3, 53, 'GOUVEIA', 18889);
INSERT INTO concelho(num_regiao, num_concelho, nome, num_habitantes) VALUES (3, 54, 'GUARDA', 120391);
INSERT INTO concelho(num_regiao, num_concelho, nome, num_habitantes) VALUES (3, 55, 'MANTEIGAS', 181494);
INSERT INTO concelho(num_regiao, num_concelho, nome, num_habitantes) VALUES (3, 56, 'MEDA', 16710);
INSERT INTO concelho(num_regiao, num_concelho, nome, num_habitantes) VALUES (3, 57, 'PINHEL', 20098);
INSERT INTO concelho(num_regiao, num_concelho, nome, num_habitantes) VALUES (3, 58, 'SABUGAL', 34254);
INSERT INTO concelho(num_regiao, num_concelho, nome, num_habitantes) VALUES (3, 59, 'SEIA', 50633);
INSERT INTO concelho(num_regiao, num_concelho, nome, num_habitantes) VALUES (3, 60, 'TRANCOSO', 158124);
INSERT INTO concelho(num_regiao, num_concelho, nome, num_habitantes) VALUES (3, 61, 'VILA NOVA DE FOZ COA', 21886);
INSERT INTO concelho(num_regiao, num_concelho, nome, num_habitantes) VALUES (3, 62, 'ALCOBACA', 7253);
INSERT INTO concelho(num_regiao, num_concelho, nome, num_habitantes) VALUES (3, 63, 'ALVAIAZERE', 12997);
INSERT INTO concelho(num_regiao, num_concelho, nome, num_habitantes) VALUES (3, 64, 'ANSIAO', 133832);
INSERT INTO concelho(num_regiao, num_concelho, nome, num_habitantes) VALUES (3, 65, 'BATALHA', 47888);
INSERT INTO concelho(num_regiao, num_concelho, nome, num_habitantes) VALUES (3, 66, 'BOMBARRAL', 23736);
INSERT INTO concelho(num_regiao, num_concelho, nome, num_habitantes) VALUES (3, 67, 'CALDAS DA RAINHA', 5104);
INSERT INTO concelho(num_regiao, num_concelho, nome, num_habitantes) VALUES (3, 68, 'CASTANHEIRA DE PERA', 35341);
INSERT INTO concelho(num_regiao, num_concelho, nome, num_habitantes) VALUES (3, 69, 'FIGUEIRO DOS VINHOS', 6373);
INSERT INTO concelho(num_regiao, num_concelho, nome, num_habitantes) VALUES (3, 70, 'LEIRIA', 3780);
INSERT INTO concelho(num_regiao, num_concelho, nome, num_habitantes) VALUES (3, 71, 'MARINHA GRANDE', 15776);
INSERT INTO concelho(num_regiao, num_concelho, nome, num_habitantes) VALUES (3, 72, 'NAZARE', 7482);
INSERT INTO concelho(num_regiao, num_concelho, nome, num_habitantes) VALUES (3, 73, 'OBIDOS', 43267);
INSERT INTO concelho(num_regiao, num_concelho, nome, num_habitantes) VALUES (3, 74, 'PEDROGAO GRANDE', 13391);
INSERT INTO concelho(num_regiao, num_concelho, nome, num_habitantes) VALUES (3, 75, 'PENICHE', 21814);
INSERT INTO concelho(num_regiao, num_concelho, nome, num_habitantes) VALUES (3, 76, 'POMBAL', 14228);
INSERT INTO concelho(num_regiao, num_concelho, nome, num_habitantes) VALUES (3, 77, 'PORTO DE MOS', 206479);
INSERT INTO concelho(num_regiao, num_concelho, nome, num_habitantes) VALUES (3, 78, 'ABRANTES', 547733);
INSERT INTO concelho(num_regiao, num_concelho, nome, num_habitantes) VALUES (3, 79, 'ALCANENA', 205054);
INSERT INTO concelho(num_regiao, num_concelho, nome, num_habitantes) VALUES (3, 80, 'ALMEIRIM', 25735);
INSERT INTO concelho(num_regiao, num_concelho, nome, num_habitantes) VALUES (3, 81, 'ALPIARCA', 76685);
INSERT INTO concelho(num_regiao, num_concelho, nome, num_habitantes) VALUES (3, 82, 'BENAVENTE', 172120);
INSERT INTO concelho(num_regiao, num_concelho, nome, num_habitantes) VALUES (3, 83, 'CARTAXO', 377835);
INSERT INTO concelho(num_regiao, num_concelho, nome, num_habitantes) VALUES (3, 84, 'CHAMUSCA', 10156);
INSERT INTO concelho(num_regiao, num_concelho, nome, num_habitantes) VALUES (3, 85, 'CONSTANCIA', 79465);
INSERT INTO concelho(num_regiao, num_concelho, nome, num_habitantes) VALUES (3, 86, 'CORUCHE', 136886);
INSERT INTO concelho(num_regiao, num_concelho, nome, num_habitantes) VALUES (3, 87, 'ENTRONCAMENTO', 175136);
INSERT INTO concelho(num_regiao, num_concelho, nome, num_habitantes) VALUES (3, 88, 'FERREIRA DO ZEZERE', 144549);
INSERT INTO concelho(num_regiao, num_concelho, nome, num_habitantes) VALUES (3, 89, 'GOLEGA', 18889);
INSERT INTO concelho(num_regiao, num_concelho, nome, num_habitantes) VALUES (3, 90, 'MACAO', 120391);
INSERT INTO concelho(num_regiao, num_concelho, nome, num_habitantes) VALUES (3, 91, 'RIO MAIOR', 181494);
INSERT INTO concelho(num_regiao, num_concelho, nome, num_habitantes) VALUES (3, 92, 'SALVATERRA DE MAGOS', 16710);
INSERT INTO concelho(num_regiao, num_concelho, nome, num_habitantes) VALUES (3, 93, 'SANTAREM', 20098);
INSERT INTO concelho(num_regiao, num_concelho, nome, num_habitantes) VALUES (3, 94, 'SARDOAL', 34254);
INSERT INTO concelho(num_regiao, num_concelho, nome, num_habitantes) VALUES (3, 95, 'TOMAR', 50633);
INSERT INTO concelho(num_regiao, num_concelho, nome, num_habitantes) VALUES (3, 96, 'TORRES NOVAS', 158124);
INSERT INTO concelho(num_regiao, num_concelho, nome, num_habitantes) VALUES (3, 97, 'VILA NOVA DA BARQUINHA', 21886);
INSERT INTO concelho(num_regiao, num_concelho, nome, num_habitantes) VALUES (3, 98, 'OUREM', 7253);
INSERT INTO concelho(num_regiao, num_concelho, nome, num_habitantes) VALUES (4, 1, 'ALJUSTREL', 12997);
INSERT INTO concelho(num_regiao, num_concelho, nome, num_habitantes) VALUES (4, 2, 'ALMODOVAR', 133832);
INSERT INTO concelho(num_regiao, num_concelho, nome, num_habitantes) VALUES (4, 3, 'ALVITO', 47888);
INSERT INTO concelho(num_regiao, num_concelho, nome, num_habitantes) VALUES (4, 4, 'BARRANCOS', 23736);
INSERT INTO concelho(num_regiao, num_concelho, nome, num_habitantes) VALUES (4, 5, 'BEJA', 5104);
INSERT INTO concelho(num_regiao, num_concelho, nome, num_habitantes) VALUES (4, 6, 'CASTRO VERDE', 35341);
INSERT INTO concelho(num_regiao, num_concelho, nome, num_habitantes) VALUES (4, 7, 'CUBA', 6373);
INSERT INTO concelho(num_regiao, num_concelho, nome, num_habitantes) VALUES (4, 8, 'FERREIRA DO ALENTEJO', 3780);
INSERT INTO concelho(num_regiao, num_concelho, nome, num_habitantes) VALUES (4, 9, 'MERTOLA', 15776);
INSERT INTO concelho(num_regiao, num_concelho, nome, num_habitantes) VALUES (4, 10, 'MOURA', 7482);
INSERT INTO concelho(num_regiao, num_concelho, nome, num_habitantes) VALUES (4, 11, 'ODEMIRA', 43267);
INSERT INTO concelho(num_regiao, num_concelho, nome, num_habitantes) VALUES (4, 12, 'OURIQUE', 13391);
INSERT INTO concelho(num_regiao, num_concelho, nome, num_habitantes) VALUES (4, 13, 'SERPA', 21814);
INSERT INTO concelho(num_regiao, num_concelho, nome, num_habitantes) VALUES (4, 14, 'VIDIGUEIRA', 14228);
INSERT INTO concelho(num_regiao, num_concelho, nome, num_habitantes) VALUES (4, 15, 'ALANDROAL', 206479);
INSERT INTO concelho(num_regiao, num_concelho, nome, num_habitantes) VALUES (4, 16, 'ARRAIOLOS', 547733);
INSERT INTO concelho(num_regiao, num_concelho, nome, num_habitantes) VALUES (4, 17, 'BORBA', 205054);
INSERT INTO concelho(num_regiao, num_concelho, nome, num_habitantes) VALUES (4, 18, 'ESTREMOZ', 25735);
INSERT INTO concelho(num_regiao, num_concelho, nome, num_habitantes) VALUES (4, 19, 'EVORA', 76685);
INSERT INTO concelho(num_regiao, num_concelho, nome, num_habitantes) VALUES (4, 20, 'MONTEMOR-O-NOVO', 172120);
INSERT INTO concelho(num_regiao, num_concelho, nome, num_habitantes) VALUES (4, 21, 'MORA', 377835);
INSERT INTO concelho(num_regiao, num_concelho, nome, num_habitantes) VALUES (4, 22, 'MOURAO', 10156);
INSERT INTO concelho(num_regiao, num_concelho, nome, num_habitantes) VALUES (4, 23, 'PORTEL', 79465);
INSERT INTO concelho(num_regiao, num_concelho, nome, num_habitantes) VALUES (4, 24, 'REDONDO', 136886);
INSERT INTO concelho(num_regiao, num_concelho, nome, num_habitantes) VALUES (4, 25, 'REGUENGOS DE MONSARAZ', 175136);
INSERT INTO concelho(num_regiao, num_concelho, nome, num_habitantes) VALUES (4, 26, 'VENDAS NOVAS', 144549);
INSERT INTO concelho(num_regiao, num_concelho, nome, num_habitantes) VALUES (4, 27, 'VIANA DO ALENTEJO', 18889);
INSERT INTO concelho(num_regiao, num_concelho, nome, num_habitantes) VALUES (4, 28, 'VILA VICOSA', 120391);
INSERT INTO concelho(num_regiao, num_concelho, nome, num_habitantes) VALUES (4, 29, 'ALCACER DO SAL', 181494);
INSERT INTO concelho(num_regiao, num_concelho, nome, num_habitantes) VALUES (4, 30, 'ALCOCHETE', 16710);
INSERT INTO concelho(num_regiao, num_concelho, nome, num_habitantes) VALUES (4, 31, 'ALMADA', 20098);
INSERT INTO concelho(num_regiao, num_concelho, nome, num_habitantes) VALUES (4, 32, 'BARREIRO', 34254);
INSERT INTO concelho(num_regiao, num_concelho, nome, num_habitantes) VALUES (4, 33, 'GRANDOLA', 50633);
INSERT INTO concelho(num_regiao, num_concelho, nome, num_habitantes) VALUES (4, 34, 'MOITA', 158124);
INSERT INTO concelho(num_regiao, num_concelho, nome, num_habitantes) VALUES (4, 35, 'MONTIJO', 21886);
INSERT INTO concelho(num_regiao, num_concelho, nome, num_habitantes) VALUES (4, 36, 'PALMELA', 7253);
INSERT INTO concelho(num_regiao, num_concelho, nome, num_habitantes) VALUES (4, 37, 'SANTIAGO DO CACEM', 12997);
INSERT INTO concelho(num_regiao, num_concelho, nome, num_habitantes) VALUES (4, 38, 'SEIXAL', 133832);
INSERT INTO concelho(num_regiao, num_concelho, nome, num_habitantes) VALUES (4, 39, 'SESIMBRA', 47888);
INSERT INTO concelho(num_regiao, num_concelho, nome, num_habitantes) VALUES (4, 40, 'SETUBAL', 23736);
INSERT INTO concelho(num_regiao, num_concelho, nome, num_habitantes) VALUES (4, 41, 'SINES', 5104);
INSERT INTO concelho(num_regiao, num_concelho, nome, num_habitantes) VALUES (4, 42, 'ALTER DO CHAO', 35341);
INSERT INTO concelho(num_regiao, num_concelho, nome, num_habitantes) VALUES (4, 43, 'ARRONCHES', 6373);
INSERT INTO concelho(num_regiao, num_concelho, nome, num_habitantes) VALUES (4, 44, 'AVIS', 3780);
INSERT INTO concelho(num_regiao, num_concelho, nome, num_habitantes) VALUES (4, 45, 'CAMPO MAIOR', 15776);
INSERT INTO concelho(num_regiao, num_concelho, nome, num_habitantes) VALUES (4, 46, 'CASTELO DE VIDE', 7482);
INSERT INTO concelho(num_regiao, num_concelho, nome, num_habitantes) VALUES (4, 47, 'CRATO', 43267);
INSERT INTO concelho(num_regiao, num_concelho, nome, num_habitantes) VALUES (4, 48, 'ELVAS', 13391);
INSERT INTO concelho(num_regiao, num_concelho, nome, num_habitantes) VALUES (4, 49, 'FRONTEIRA', 21814);
INSERT INTO concelho(num_regiao, num_concelho, nome, num_habitantes) VALUES (4, 50, 'GAVIAO', 14228);
INSERT INTO concelho(num_regiao, num_concelho, nome, num_habitantes) VALUES (4, 51, 'MARVAO', 206479);
INSERT INTO concelho(num_regiao, num_concelho, nome, num_habitantes) VALUES (4, 52, 'MONFORTE', 547733);
INSERT INTO concelho(num_regiao, num_concelho, nome, num_habitantes) VALUES (4, 53, 'NISA', 205054);
INSERT INTO concelho(num_regiao, num_concelho, nome, num_habitantes) VALUES (4, 54, 'PONTE DE SOR', 25735);
INSERT INTO concelho(num_regiao, num_concelho, nome, num_habitantes) VALUES (4, 55, 'PORTALEGRE', 76685);
INSERT INTO concelho(num_regiao, num_concelho, nome, num_habitantes) VALUES (4, 56, 'SOUSEL', 172120);
INSERT INTO concelho(num_regiao, num_concelho, nome, num_habitantes) VALUES (5, 1, 'ALBUFEIRA', 377835);
INSERT INTO concelho(num_regiao, num_concelho, nome, num_habitantes) VALUES (5, 2, 'ALCOUTIM', 10156);
INSERT INTO concelho(num_regiao, num_concelho, nome, num_habitantes) VALUES (5, 3, 'ALJEZUR', 79465);
INSERT INTO concelho(num_regiao, num_concelho, nome, num_habitantes) VALUES (5, 4, 'CASTRO MARIM', 136886);
INSERT INTO concelho(num_regiao, num_concelho, nome, num_habitantes) VALUES (5, 5, 'FARO', 175136);
INSERT INTO concelho(num_regiao, num_concelho, nome, num_habitantes) VALUES (5, 6, 'LAGOA', 144549);
INSERT INTO concelho(num_regiao, num_concelho, nome, num_habitantes) VALUES (5, 7, 'LAGOS', 18889);
INSERT INTO concelho(num_regiao, num_concelho, nome, num_habitantes) VALUES (5, 8, 'LOULE', 120391);
INSERT INTO concelho(num_regiao, num_concelho, nome, num_habitantes) VALUES (5, 9, 'MONCHIQUE', 181494);
INSERT INTO concelho(num_regiao, num_concelho, nome, num_habitantes) VALUES (5, 10, 'OLHAO', 16710);
INSERT INTO concelho(num_regiao, num_concelho, nome, num_habitantes) VALUES (5, 11, 'PORTIMAO', 20098);
INSERT INTO concelho(num_regiao, num_concelho, nome, num_habitantes) VALUES (5, 12, 'S. BRAS DE ALPORTEL', 34254);
INSERT INTO concelho(num_regiao, num_concelho, nome, num_habitantes) VALUES (5, 13, 'SILVES', 50633);
INSERT INTO concelho(num_regiao, num_concelho, nome, num_habitantes) VALUES (5, 14, 'TAVIRA', 158124);
INSERT INTO concelho(num_regiao, num_concelho, nome, num_habitantes) VALUES (5, 15, 'VILA DO BISPO', 21886);
INSERT INTO concelho(num_regiao, num_concelho, nome, num_habitantes) VALUES (5, 16, 'VILA REAL DE SANTO ANTONIO', 7253);


INSERT INTO instituicao VALUES ('Farmacia Gomes de Pinho', 'farmacia', 3, 4);
INSERT INTO instituicao VALUES ('Farmacia Santo Antonio', 'farmacia', 3, 4);
INSERT INTO instituicao VALUES ('Farmacia Brandao Alves', 'farmacia', 3, 4);
INSERT INTO instituicao VALUES ('Farmacia Cabral Brandao', 'farmacia', 3, 4);
INSERT INTO instituicao VALUES ('Farmacia Edite Rosa', 'farmacia', 1, 13);
INSERT INTO instituicao VALUES ('Farmacia Alameda', 'farmacia', 1, 6);
INSERT INTO instituicao VALUES ('Farmacia Anjos', 'farmacia', 1, 6);
INSERT INTO instituicao VALUES ('Farmacia Baixa', 'farmacia', 1, 6);


INSERT INTO instituicao VALUES ('Hospital dos Capuchos', 'hospital', 1, 6);
INSERT INTO instituicao VALUES ('CUF Tejo', 'hospital', 1, 6);
INSERT INTO instituicao VALUES ('Hospital Luz', 'hospital', 1, 6);
INSERT INTO instituicao VALUES ('Centro Hospitalar e Universitario de Coimbra', 'hospital', 1, 6);
INSERT INTO instituicao VALUES ('CUF Torres Vedras', 'hospital', 1, 13);
INSERT INTO instituicao VALUES ('Soerad', 'clinica', 1, 13);
INSERT INTO instituicao VALUES ('Laboratorios Beatriz Godinho', 'clinica', 3, 70);


INSERT INTO medico VALUES (1, 'Brian May', 'obstetricia');
INSERT INTO medico VALUES (2, 'Aparicio', 'medicina familiar');
INSERT INTO medico VALUES (3, 'Miley Cyrus', 'medicina alternativa');
INSERT INTO medico VALUES (4, 'Dua Lipa', 'urologia');
INSERT INTO medico VALUES (5, 'Pabllo Vittar', 'bundalogia');
INSERT INTO medico VALUES (6, 'Noah Centino', 'dermatologista');
INSERT INTO medico VALUES (7, 'Kali Uchis', 'badbitchlogia');
INSERT INTO medico VALUES (8, 'Tia Gi', 'ginecologia');
INSERT INTO medico VALUES (9, 'CUCA MONGA', 'psiquiatria');
INSERT INTO medico VALUES (10, 'Maria Madalena', 'nutricionismo');


INSERT INTO consulta VALUES (1, 1, '2019-02-01', 'Hospital dos Capuchos'); --- arouca   ano e mes alterado para 2019, semestre 1
-- INSERT INTO consulta VALUES (2, 2, '2019-04-02', 'CUF Tejo');
-- INSERT INTO consulta VALUES (3, 3, '2019-02-03', 'Hospital Luz');
INSERT INTO consulta VALUES (4, 4, '2019-02-04', 'Hospital dos Capuchos');
INSERT INTO consulta VALUES (5, 5, '2019-02-05', 'CUF Tejo');
INSERT INTO consulta VALUES (1, 6, '2019-02-06', 'Hospital Luz'); --- arouca
INSERT INTO consulta VALUES (2, 7, '2019-02-07', 'Centro Hospitalar e Universitario de Coimbra');
INSERT INTO consulta VALUES (3, 8, '2019-02-08', 'CUF Tejo');
-- INSERT INTO consulta VALUES (4, 9, '2019-02-09', 'Hospital dos Capuchos');
-- INSERT INTO consulta VALUES (6, 9, '2019-02-10', 'Centro Hospitalar e Universitario de Coimbra');
INSERT INTO consulta VALUES (1, 1, '2019-02-11', 'CUF Torres Vedras'); --- arouca
INSERT INTO consulta VALUES (3, 2, '2019-02-12', 'CUF Tejo');
INSERT INTO consulta VALUES (5, 3, '2019-02-13', 'Centro Hospitalar e Universitario de Coimbra');
INSERT INTO consulta VALUES (7, 4, '2019-02-14', 'Hospital dos Capuchos');
INSERT INTO consulta VALUES (9, 5, '2019-02-15', 'CUF Torres Vedras');
-- INSERT INTO consulta VALUES (1, 7, '2019-02-16', 'CUF Tejo'); --- arouca
-- INSERT INTO consulta VALUES (3, 2, '2019-02-17', 'Centro Hospitalar e Universitario de Coimbra');
INSERT INTO consulta VALUES (5, 3, '2019-02-18', 'CUF Torres Vedras');
INSERT INTO consulta VALUES (7, 4, '2019-02-19', 'Hospital dos Capuchos');
INSERT INTO consulta VALUES (9, 5, '2019-03-20', 'CUF Torres Vedras');
INSERT INTO consulta VALUES (1, 1, '2019-03-21', 'Centro Hospitalar e Universitario de Coimbra');
INSERT INTO consulta VALUES (1, 2, '2019-03-22', 'Hospital dos Capuchos');
-- INSERT INTO consulta VALUES (3, 3, '2019-03-23', 'CUF Torres Vedras');
-- INSERT INTO consulta VALUES (3, 4, '2019-03-24', 'Hospital Luz');
INSERT INTO consulta VALUES (5, 5, '2019-03-25', 'Centro Hospitalar e Universitario de Coimbra');
INSERT INTO consulta VALUES (5, 1, '2019-03-26', 'CUF Torres Vedras');
INSERT INTO consulta VALUES (7, 2, '2019-03-27', 'Hospital dos Capuchos');
INSERT INTO consulta VALUES (7, 3, '2019-03-28', 'CUF Torres Vedras');
INSERT INTO consulta VALUES (9, 4, '2019-03-29', 'CUF Tejo');
INSERT INTO consulta VALUES (9, 5, '2019-04-01', 'Hospital Luz');
INSERT INTO consulta VALUES (2, 1, '2019-04-02', 'CUF Torres Vedras');
INSERT INTO consulta VALUES (2, 2, '2019-04-03', 'Hospital dos Capuchos');
INSERT INTO consulta VALUES (4, 3, '2019-04-04', 'CUF Torres Vedras');
INSERT INTO consulta VALUES (4, 4, '2019-04-05', 'CUF Torres Vedras');
-- INSERT INTO consulta VALUES (6, 5, '2019-04-06', 'CUF Tejo');
-- INSERT INTO consulta VALUES (6, 1, '2019-04-07', 'CUF Torres Vedras');
INSERT INTO consulta VALUES (8, 2, '2019-04-08', 'Hospital Luz');
INSERT INTO consulta VALUES (8, 3, '2019-04-09', 'Hospital dos Capuchos');
INSERT INTO consulta VALUES (10, 4, '2019-06-10', 'Hospital dos Capuchos');

INSERT INTO consulta VALUES (1, 1, '2020-11-05', 'Hospital dos Capuchos'); --- arouca
INSERT INTO consulta VALUES (2, 2, '2020-11-02', 'CUF Tejo');
INSERT INTO consulta VALUES (3, 3, '2020-11-03', 'Hospital Luz');
INSERT INTO consulta VALUES (4, 4, '2020-11-04', 'Hospital dos Capuchos');
INSERT INTO consulta VALUES (5, 5, '2020-11-05', 'CUF Tejo');
INSERT INTO consulta VALUES (1, 6, '2020-11-06', 'Hospital Luz'); --- arouca
-- INSERT INTO consulta VALUES (2, 7, '2020-11-07', 'Centro Hospitalar e Universitario de Coimbra');
-- INSERT INTO consulta VALUES (3, 8, '2020-11-08', 'CUF Tejo');
INSERT INTO consulta VALUES (4, 9, '2020-11-09', 'Hospital dos Capuchos');
INSERT INTO consulta VALUES (6, 9, '2020-11-10', 'Centro Hospitalar e Universitario de Coimbra');
INSERT INTO consulta VALUES (1, 1, '2020-11-11', 'CUF Torres Vedras'); --- arouca
INSERT INTO consulta VALUES (3, 2, '2020-11-12', 'CUF Tejo');
INSERT INTO consulta VALUES (5, 3, '2020-11-13', 'Centro Hospitalar e Universitario de Coimbra');
-- INSERT INTO consulta VALUES (7, 4, '2020-11-14', 'Hospital dos Capuchos');
-- INSERT INTO consulta VALUES (9, 5, '2020-11-15', 'CUF Torres Vedras');
INSERT INTO consulta VALUES (1, 7, '2020-11-16', 'CUF Tejo'); --- arouca
INSERT INTO consulta VALUES (3, 2, '2020-11-17', 'Centro Hospitalar e Universitario de Coimbra');
INSERT INTO consulta VALUES (5, 3, '2020-11-18', 'CUF Torres Vedras');
INSERT INTO consulta VALUES (7, 4, '2020-11-19', 'Hospital dos Capuchos');
INSERT INTO consulta VALUES (9, 5, '2020-11-20', 'CUF Torres Vedras');
-- INSERT INTO consulta VALUES (1, 1, '2020-11-21', 'Centro Hospitalar e Universitario de Coimbra');
-- INSERT INTO consulta VALUES (1, 2, '2020-11-22', 'Hospital dos Capuchos');
INSERT INTO consulta VALUES (3, 3, '2020-11-23', 'CUF Torres Vedras');
INSERT INTO consulta VALUES (3, 4, '2020-11-24', 'Hospital Luz');
INSERT INTO consulta VALUES (5, 5, '2020-11-25', 'Centro Hospitalar e Universitario de Coimbra');
INSERT INTO consulta VALUES (5, 1, '2020-11-26', 'CUF Torres Vedras');
INSERT INTO consulta VALUES (7, 2, '2020-11-27', 'Hospital dos Capuchos');
-- INSERT INTO consulta VALUES (7, 3, '2020-11-28', 'CUF Torres Vedras');
-- INSERT INTO consulta VALUES (9, 4, '2020-11-29', 'CUF Tejo');
INSERT INTO consulta VALUES (9, 5, '2020-12-01', 'Hospital Luz');
INSERT INTO consulta VALUES (2, 1, '2020-12-02', 'CUF Torres Vedras');
INSERT INTO consulta VALUES (2, 2, '2020-12-03', 'Hospital dos Capuchos');
INSERT INTO consulta VALUES (4, 3, '2020-12-04', 'CUF Torres Vedras');
-- INSERT INTO consulta VALUES (4, 4, '2020-12-05', 'CUF Torres Vedras');
-- INSERT INTO consulta VALUES (6, 5, '2020-12-06', 'CUF Tejo');
INSERT INTO consulta VALUES (6, 1, '2020-12-07', 'CUF Torres Vedras');
INSERT INTO consulta VALUES (8, 2, '2020-12-08', 'Hospital Luz');
INSERT INTO consulta VALUES (8, 3, '2020-12-09', 'Hospital dos Capuchos');
INSERT INTO consulta VALUES (10, 4, '2020-12-10', 'Hospital dos Capuchos');



INSERT INTO prescricao VALUES (1, 1, '2019-02-01', 'aspirina', 1);
INSERT INTO prescricao VALUES (4, 4, '2019-02-04', 'aspirina', 3);
INSERT INTO prescricao VALUES (5, 5, '2019-02-05', 'paracetamol', 2);
INSERT INTO prescricao VALUES (1, 6, '2019-02-06', 'voltaren', 1);
INSERT INTO prescricao VALUES (2, 7, '2019-02-07', 'cetrizina', 20);
INSERT INTO prescricao VALUES (3, 8, '2019-02-08', 'aspirina', 10);

INSERT INTO prescricao VALUES (1, 1, '2020-11-05', 'aspirina', 1);
INSERT INTO prescricao VALUES (1, 6, '2020-11-06', 'aspirina', 3);
INSERT INTO prescricao VALUES (1, 1, '2020-11-11', 'paracetamol', 2);
INSERT INTO prescricao VALUES (1, 7, '2020-11-16', 'aspirina', 1);
INSERT INTO prescricao VALUES (3, 2, '2020-11-17', 'aspirina', 20);
INSERT INTO prescricao VALUES (5, 3, '2020-11-18', 'aspirina', 10);
INSERT INTO prescricao VALUES (7, 4, '2020-11-19', 'voltaren', 2);
INSERT INTO prescricao VALUES (9, 5, '2020-11-20', 'paracetamol', 2);
INSERT INTO prescricao VALUES (3, 3, '2020-11-23', 'aspirina', 5);
INSERT INTO prescricao VALUES (3, 4, '2020-11-24', 'cetrizina', 6);


-- INSERT INTO analise VALUES (1, 'obstretricia', 1, 5, '2020-12-11', '2020-12-15', 'Analise ao sangue', 1, 'Hospital Santa Maria');
-- INSERT INTO analise VALUES (2, 'medico de familia', 2, 1, '2020-10-01', '2020-10-31', 'Analise à tensão', 100, 'Laboratorio Beatriz Godinho');
-- INSERT INTO analise VALUES (3, 'urologista', 3, 2, '2020-01-30', '2020-01-31', 'Analise a urina', 1, 'Farmacia do Hospital');
-- INSERT INTO analise VALUES (4, 'dermatologista', 4, 3, '2020-02-28', '2020-02-29', 'Analise a ferritina', 20, 'Hospital Santa Maria');
-- INSERT INTO analise VALUES (5, 'neurologia', 5, 4, '2020-08-27', '2020-08-30', 'Analise ao cabelo', 1, 'Hospital Santa Maria');
-- INSERT INTO analise VALUES (6, 'neurologia', 5, 4, '2020-11-27', '2020-11-28', 'Analise ao cabelo', 1, 'Hospital Santa Maria');

